event_ticker,market_ticker,side,strike,spot_at_decision,dist_usd,decision_utc,close_utc,model_p_yes,entry_quoted,entry_fill,exit_fill,exit_reason,edge_c_decision,contracts,gross_pnl,fees,net_pnl,throttled
KXBTCD-26MAY1021,KXBTCD-26MAY1021-T81499.99,yes,81499.99,81599.2,99.20999999999185,2026-05-11T00:41:35.338788200+00:00,2026-05-11T00:55:00.338788200+00:00,0.8133333333333334,0.69,0.7,0.59,stop_loss (-8.5c),6.34413333333334,1,-0.10999999999999999,0.04,-0.15,False
KXBTCD-26MAY1210,KXBTCD-26MAY1210-T80599.99,yes,80599.99,80751.85,151.86000000000058,2026-05-12T13:42:05.435323100+00:00,2026-05-12T13:55:00.435323100+00:00,0.8966666666666666,0.79,0.8,0.6799999999999999,stop_loss (-10.0c),6.021466666666657,1,-0.1200000000000001,0.04,-0.16000000000000011,False
KXBTCD-26MAY0907,KXBTCD-26MAY0907-T80199.99,no,80199.99,80214.45,14.459999999991851,2026-05-09T10:27:30.243810300+00:00,2026-05-09T10:55:00.243810300+00:00,0.5446666666666666,0.28,0.29000000000000004,0.22999999999999998,stop_loss (-4.0c),11.888533333333335,1,-0.06000000000000005,0.04,-0.10000000000000006,False
KXBTCD-26MAY1016,KXBTCD-26MAY1016-T81399.99,no,81399.99,81400.25,0.2599999999947613,2026-05-10T19:48:00.801174300+00:00,2026-05-10T19:55:00.801174300+00:00,0.5146666666666667,0.32999999999999996,0.33999999999999997,0.5,take_profit (+18.0c),9.342533333333332,1,0.16000000000000003,0.04,0.12000000000000002,False
KXBTCD-26MAY0917,KXBTCD-26MAY0917-T80749.99,no,80749.99,80775.55,25.55999999999767,2026-05-09T20:26:10.445230300+00:00,2026-05-09T20:55:00.445230300+00:00,0.572,0.29000000000000004,0.30000000000000004,0.24,stop_loss (-4.0c),8.034799999999999,1,-0.06000000000000005,0.04,-0.10000000000000006,False
KXBTCD-26MAY0900,KXBTCD-26MAY0900-T80499.99,yes,80499.99,80431.75,68.24000000000524,2026-05-09T03:26:25.624075500+00:00,2026-05-09T03:55:00.624075500+00:00,0.3566666666666667,0.24,0.25,0.19999999999999998,stop_loss (-3.0c),6.559466666666669,1,-0.05000000000000002,0.04,-0.09000000000000002,False
KXBTCD-26MAY0810,KXBTCD-26MAY0810-T79999.99,no,79999.99,79715.65,284.34000000001106,2026-05-08T13:25:05.570418700+00:00,2026-05-08T13:55:00.570418700+00:00,0.06933333333333333,0.8,0.81,1.0,settle:result=no,8.58666666666667,1,0.18999999999999995,0.02,0.16999999999999996,False
KXBTCD-26MAY0822,KXBTCD-26MAY0822-T80199.99,no,80199.99,80245.95,45.95999999999185,2026-05-09T01:25:45.445412+00:00,2026-05-09T01:55:00.445412+00:00,0.616,0.24,0.25,0.18999999999999995,stop_loss (-3.0c),9.292800000000002,1,-0.06000000000000005,0.04,-0.10000000000000006,False
KXBTCD-26MAY0800,KXBTCD-26MAY0800-T79599.99,yes,79599.99,79642.9,42.90999999998894,2026-05-08T03:23:42.757847600+00:00,2026-05-08T03:53:37.757847600+00:00,0.604,0.4,0.41000000000000003,0.33,stop_loss (-5.0c),13.679999999999994,1,-0.08000000000000002,0.04,-0.12000000000000002,False
KXBTCD-26MAY1220,KXBTCD-26MAY1220-T80499.99,yes,80499.99,80484.25,15.740000000005239,2026-05-12T23:46:55.626816700+00:00,2026-05-12T23:55:00.626816700+00:00,0.45,0.31000000000000005,0.32000000000000006,0.24,stop_loss (-4.0c),8.010799999999996,1,-0.08000000000000007,0.04,-0.12000000000000008,False
KXBTCD-26MAY1009,KXBTCD-26MAY1009-T80799.99,no,80799.99,80859.05,59.05999999999767,2026-05-10T12:26:10.640969300+00:00,2026-05-10T12:55:00.640969300+00:00,0.644,0.21999999999999997,0.22999999999999998,0.16999999999999993,stop_loss (-3.5c),8.795200000000001,1,-0.06000000000000005,0.03,-0.09000000000000005,False
KXBTCD-26MAY0605,KXBTCD-26MAY0605-T81699.99,yes,81699.99,81681.6,18.389999999999418,2026-05-06T08:32:50.702005100+00:00,2026-05-06T08:55:00.702005100+00:00,0.4713333333333333,0.33999999999999997,0.35,0.26,stop_loss (-5.5c),6.850133333333335,1,-0.08999999999999997,0.04,-0.12999999999999998,False
KXBTCD-26MAY1107,KXBTCD-26MAY1107-T81099.99,yes,81099.99,81083.45,16.54000000000815,2026-05-11T10:43:20.608005400+00:00,2026-05-11T10:55:00.608005400+00:00,0.458,0.32999999999999996,0.33999999999999997,0.26,stop_loss (-5.0c),6.609200000000007,1,-0.07999999999999996,0.04,-0.11999999999999997,False
KXBTCD-26MAY0607,KXBTCD-26MAY0607-T82199.99,yes,82199.99,82274.0,74.00999999999476,2026-05-06T10:42:31.171194+00:00,2026-05-06T10:55:01.171194+00:00,0.732,0.5700000000000001,0.5800000000000001,0.73,take_profit (+18.5c),9.337199999999992,1,0.1499999999999999,0.04,0.1099999999999999,False
KXBTCD-26MAY0808,KXBTCD-26MAY0808-T80199.99,no,80199.99,80257.95,57.95999999999185,2026-05-08T11:32:20.803752100+00:00,2026-05-08T11:55:00.803752100+00:00,0.6593333333333333,0.21999999999999997,0.22999999999999998,0.16999999999999993,stop_loss (-3.0c),7.26186666666667,1,-0.06000000000000005,0.03,-0.09000000000000005,False
KXBTCD-26MAY0909,KXBTCD-26MAY0909-T80399.99,yes,80399.99,80391.55,8.440000000002328,2026-05-09T12:27:15.717548600+00:00,2026-05-09T12:55:00.717548600+00:00,0.49333333333333335,0.36,0.37,0.31,stop_loss (-4.5c),6.882133333333336,1,-0.06,0.04,-0.1,False
KXBTCD-26MAY0723,KXBTCD-26MAY0723-T79599.99,yes,79599.99,79642.9,42.90999999998894,2026-05-08T02:25:05.079300+00:00,2026-05-08T02:55:00.079300+00:00,0.604,0.29000000000000004,0.30000000000000004,0.22,stop_loss (-4.5c),25.63479999999999,1,-0.08000000000000004,0.04,-0.12000000000000005,False
KXBTCD-26MAY1119,KXBTCD-26MAY1119-T81799.99,no,81799.99,81818.79999999999,18.80999999998312,2026-05-11T22:48:15.704299800+00:00,2026-05-11T22:55:00.704299800+00:00,0.596,0.28,0.29000000000000004,0.22999999999999998,stop_loss (-3.5c),6.755199999999999,1,-0.06000000000000005,0.04,-0.10000000000000006,False
KXBTCD-26MAY0906,KXBTCD-26MAY0906-T80299.99,yes,80299.99,80287.95,12.040000000008149,2026-05-09T09:26:45.410790200+00:00,2026-05-09T09:55:00.410790200+00:00,0.4846666666666667,0.36,0.37,0.29,stop_loss (-5.0c),6.01546666666667,1,-0.08000000000000002,0.04,-0.12000000000000002,False
KXBTCD-26MAY1108,KXBTCD-26MAY1108-T81199.99,yes,81199.99,81143.65,56.34000000001106,2026-05-11T11:41:50.741092200+00:00,2026-05-11T11:55:00.741092200+00:00,0.3273333333333333,0.20999999999999996,0.21999999999999997,0.16,stop_loss (-3.0c),7.088133333333334,1,-0.05999999999999997,0.03,-0.08999999999999997,False
KXBTCD-26MAY1115,KXBTCD-26MAY1115-T81899.99,no,81899.99,81910.1,10.110000000000582,2026-05-11T18:46:15.538637300+00:00,2026-05-11T18:55:00.538637300+00:00,0.5513333333333333,0.31000000000000005,0.32000000000000006,0.22999999999999998,stop_loss (-5.5c),7.877466666666659,1,-0.09000000000000008,0.04,-0.1300000000000001,False
KXBTCD-26MAY0916,KXBTCD-26MAY0916-T80799.99,no,80799.99,80872.25,72.25999999999476,2026-05-09T19:25:10.549883800+00:00,2026-05-09T19:55:00.549883800+00:00,0.6706666666666666,0.20999999999999996,0.21999999999999997,0.38,take_profit (+18.0c),7.288133333333341,1,0.16000000000000003,0.04,0.12000000000000002,False
KXBTCD-26MAY0722,KXBTCD-26MAY0722-T79599.99,no,79599.99,79642.9,42.90999999998894,2026-05-08T01:25:05.536608200+00:00,2026-05-08T01:55:00.536608200+00:00,0.604,0.27,0.28,0.22999999999999998,stop_loss (-3.5c),7.081199999999999,1,-0.050000000000000044,0.04,-0.09000000000000005,False
KXBTCD-26MAY1110,KXBTCD-26MAY1110-T80999.99,no,80999.99,80914.15,85.84000000001106,2026-05-11T13:41:55.312015500+00:00,2026-05-11T13:55:00.312015500+00:00,0.23533333333333334,0.61,0.62,0.53,stop_loss (-7.5c),8.805466666666666,1,-0.08999999999999997,0.04,-0.12999999999999998,False
KXBTCD-26MAY1008,KXBTCD-26MAY1008-T80799.99,no,80799.99,80785.95000000001,14.039999999993597,2026-05-10T11:28:55.615453900+00:00,2026-05-10T11:55:00.615453900+00:00,0.4786666666666667,0.36,0.37,0.31000000000000005,stop_loss (-4.5c),9.682133333333333,1,-0.05999999999999994,0.04,-0.09999999999999995,False
KXBTCD-26MAY1104,KXBTCD-26MAY1104-T80699.99,no,80699.99,80698.95,1.040000000008149,2026-05-11T07:45:10.874211900+00:00,2026-05-11T07:55:00.874211900+00:00,0.508,0.36,0.37,0.31000000000000005,stop_loss (-4.5c),6.748800000000001,1,-0.05999999999999994,0.04,-0.09999999999999995,False
KXBTCD-26MAY1015,KXBTCD-26MAY1015-T81299.99,no,81299.99,81291.35,8.639999999999418,2026-05-10T18:40:45.448319800+00:00,2026-05-10T18:55:00.448319800+00:00,0.4846666666666667,0.38,0.39,0.53,take_profit (+18.0c),6.936533333333331,1,0.14,0.04,0.1,False
KXBTCD-26MAY1219,KXBTCD-26MAY1219-T80599.99,no,80599.99,80621.15,21.15999999998894,2026-05-12T22:42:30.852160500+00:00,2026-05-12T22:55:00.852160500+00:00,0.5846666666666667,0.29000000000000004,0.30000000000000004,0.24,stop_loss (-4.0c),6.768133333333328,1,-0.06000000000000005,0.04,-0.10000000000000006,False
KXBTCD-26MAY0919,KXBTCD-26MAY0919-T80699.99,no,80699.99,80750.65,50.65999999998894,2026-05-09T22:25:05.457352700+00:00,2026-05-09T22:55:00.457352700+00:00,0.624,0.25,0.26,0.18999999999999995,stop_loss (-4.0c),7.349999999999999,1,-0.07000000000000006,0.04,-0.11000000000000007,False
KXBTCD-26MAY1000,KXBTCD-26MAY1000-T80799.99,yes,80799.99,80730.85,69.13999999999942,2026-05-10T03:25:05.798254900+00:00,2026-05-10T03:55:00.798254900+00:00,0.35933333333333334,0.20999999999999996,0.21999999999999997,0.16999999999999998,stop_loss (-3.5c),10.288133333333338,1,-0.04999999999999999,0.03,-0.07999999999999999,False
KXBTCD-26MAY1014,KXBTCD-26MAY1014-T81299.99,no,81299.99,81363.65,63.65999999998894,2026-05-10T17:29:25.897611200+00:00,2026-05-10T17:55:00.897611200+00:00,0.664,0.21999999999999997,0.22999999999999998,0.17999999999999994,stop_loss (-3.0c),6.7951999999999995,1,-0.050000000000000044,0.04,-0.09000000000000005,False
KXBTCD-26MAY0621,KXBTCD-26MAY0621-T81299.99,no,81299.99,81181.15,118.84000000001106,2026-05-07T00:32:35.745022200+00:00,2026-05-07T00:55:00.745022200+00:00,0.20333333333333334,0.6699999999999999,0.6799999999999999,0.82,take_profit (+18.0c),6.475866666666667,1,0.14,0.04,0.1,False
KXBTCD-26MAY1018,KXBTCD-26MAY1018-T80699.99,yes,80699.99,80851.1,151.11000000000058,2026-05-10T21:43:23.580968700+00:00,2026-05-10T21:54:53.580968700+00:00,0.9066666666666666,0.78,0.79,0.96,take_profit (+18.5c),7.861866666666659,1,0.16999999999999993,0.03,0.13999999999999993,False
KXBTCD-26MAY1003,KXBTCD-26MAY1003-T80699.99,yes,80699.99,80678.85,21.139999999999418,2026-05-10T06:27:05.772279100+00:00,2026-05-10T06:55:00.772279100+00:00,0.4666666666666667,0.33999999999999997,0.35,0.27,stop_loss (-4.5c),6.38346666666667,1,-0.07999999999999996,0.04,-0.11999999999999997,False
KXBTCD-26MAY0814,KXBTCD-26MAY0814-T79999.99,yes,79999.99,80199.95,199.95999999999185,2026-05-08T17:31:10.446741800+00:00,2026-05-08T17:55:00.446741800+00:00,0.8906666666666667,0.77,0.78,0.66,stop_loss (-9.5c),7.10786666666667,1,-0.12,0.04,-0.16,False
KXBTCD-26MAY1121,KXBTCD-26MAY1121-T81499.99,no,81499.99,81470.35,29.639999999999418,2026-05-12T00:45:15.765869800+00:00,2026-05-12T00:55:00.765869800+00:00,0.39866666666666667,0.43000000000000005,0.44000000000000006,0.36,stop_loss (-5.5c),10.27053333333333,1,-0.08000000000000007,0.04,-0.12000000000000008,False
KXBTCD-26MAY1102,KXBTCD-26MAY1102-T80799.99,no,80799.99,80743.05,56.94000000000233,2026-05-11T05:45:10.624726200+00:00,2026-05-11T05:55:00.624726200+00:00,0.2926666666666667,0.54,0.55,0.43999999999999995,stop_loss (-8.0c),9.778133333333333,1,-0.1100000000000001,0.04,-0.1500000000000001,False
KXBTCD-26MAY1002,KXBTCD-26MAY1002-T80799.99,yes,80799.99,80774.05,25.94000000000233,2026-05-10T05:29:51.183820700+00:00,2026-05-10T05:55:01.183820700+00:00,0.4533333333333333,0.31999999999999995,0.32999999999999996,0.26,stop_loss (-4.0c),7.240533333333335,1,-0.06999999999999995,0.04,-0.10999999999999996,False
KXBTCD-26MAY1117,KXBTCD-26MAY1117-T81749.99,no,81749.99,81759.0,9.009999999994761,2026-05-11T20:43:10.572398900+00:00,2026-05-11T20:55:00.572398900+00:00,0.544,0.32999999999999996,0.33999999999999997,0.28,stop_loss (-4.5c),6.4092,1,-0.05999999999999994,0.04,-0.09999999999999995,False
KXBTCD-26MAY0823,KXBTCD-26MAY0823-T80399.99,no,80399.99,80404.45,4.459999999991851,2026-05-09T02:27:50.622981800+00:00,2026-05-09T02:55:00.622981800+00:00,0.526,0.33999999999999997,0.35,0.29000000000000004,stop_loss (-4.5c),7.116799999999999,1,-0.05999999999999994,0.04,-0.09999999999999995,False
KXBTCD-26MAY0803,KXBTCD-26MAY0803-T79499.99,no,79499.99,79546.95,46.95999999999185,2026-05-08T06:26:35.237502+00:00,2026-05-08T06:55:00.237502+00:00,0.6206666666666667,0.26,0.27,0.19999999999999996,stop_loss (-4.0c),6.54613333333333,1,-0.07000000000000006,0.04,-0.11000000000000007,False
KXBTCD-26MAY0901,KXBTCD-26MAY0901-T80599.99,yes,80599.99,80513.55,86.44000000000233,2026-05-09T04:25:05.667171200+00:00,2026-05-09T04:55:00.667171200+00:00,0.322,0.20999999999999996,0.21999999999999997,0.15,stop_loss (-3.5c),6.554800000000005,1,-0.06999999999999998,0.03,-0.09999999999999998,False
KXBTCD-26MAY1204,KXBTCD-26MAY1204-T80999.99,yes,80999.99,80965.55,34.44000000000233,2026-05-12T07:43:30.688204100+00:00,2026-05-12T07:55:00.688204100+00:00,0.39,0.27,0.28,0.22999999999999998,stop_loss (-3.5c),6.481199999999999,1,-0.050000000000000044,0.04,-0.09000000000000005,False
KXBTCD-26MAY1017,KXBTCD-26MAY1017-T80999.99,no,80999.99,80932.79999999999,67.19000000001688,2026-05-10T20:43:30.517761700+00:00,2026-05-10T20:55:00.517761700+00:00,0.27066666666666667,0.5900000000000001,0.6000000000000001,0.74,take_profit (+18.5c),7.16013333333333,1,0.1399999999999999,0.04,0.0999999999999999,False
KXBTCD-26MAY0812,KXBTCD-26MAY0812-T79899.99,no,79899.99,79663.55,236.44000000000233,2026-05-08T15:25:15.483353500+00:00,2026-05-08T15:55:00.483353500+00:00,0.108,0.78,0.79,0.67,stop_loss (-9.5c),6.395200000000001,1,-0.12,0.04,-0.16,False
KXBTCD-26MAY1023,KXBTCD-26MAY1023-T81199.99,yes,81199.99,81234.3,34.30999999999767,2026-05-11T02:48:35.636104400+00:00,2026-05-11T02:55:00.636104400+00:00,0.6726666666666666,0.45999999999999996,0.47,0.39,stop_loss (-6.0c),14.311466666666664,1,-0.07999999999999996,0.04,-0.11999999999999997,False
KXBTCD-26MAY1218,KXBTCD-26MAY1218-T80499.99,no,80499.99,80535.85,35.86000000000058,2026-05-12T21:44:15.810050600+00:00,2026-05-12T21:55:00.810050600+00:00,0.644,0.24,0.25,0.19999999999999996,stop_loss (-3.0c),6.492799999999999,1,-0.050000000000000044,0.04,-0.09000000000000005,False
KXBTCD-26MAY1112,KXBTCD-26MAY1112-T81299.99,no,81299.99,81199.75,100.24000000000524,2026-05-11T15:45:50.367201500+00:00,2026-05-11T15:55:00.367201500+00:00,0.162,0.72,0.73,0.62,stop_loss (-9.5c),6.155200000000002,1,-0.10999999999999999,0.04,-0.15,False
KXBTCD-26MAY0802,KXBTCD-26MAY0802-T79699.99,yes,79699.99,79629.05,70.94000000000233,2026-05-08T05:27:50.013891800+00:00,2026-05-08T05:55:00.013891800+00:00,0.3446666666666667,0.22999999999999998,0.24,0.39999999999999997,take_profit (+18.0c),6.5078666666666685,1,0.15999999999999998,0.04,0.11999999999999997,False
KXBTCD-26MAY0821,KXBTCD-26MAY0821-T80099.99,no,80099.99,80153.55,53.55999999999767,2026-05-09T00:27:10.008302100+00:00,2026-05-09T00:55:00.008302100+00:00,0.634,0.22999999999999998,0.24,0.18999999999999995,stop_loss (-3.0c),8.641200000000001,1,-0.050000000000000044,0.04,-0.09000000000000005,False
KXBTCD-26MAY0715,KXBTCD-26MAY0715-T80099.99,no,80099.99,80075.3,24.69000000000233,2026-05-07T18:44:45.889118800+00:00,2026-05-07T18:55:00.889118800+00:00,0.424,0.42000000000000004,0.43000000000000005,0.36,stop_loss (-5.5c),8.779199999999998,1,-0.07000000000000006,0.04,-0.11000000000000007,False
KXBTCD-26MAY1203,KXBTCD-26MAY1203-T81099.99,no,81099.99,81077.85,22.139999999999418,2026-05-12T06:46:15.480290400+00:00,2026-05-12T06:55:00.480290400+00:00,0.42733333333333334,0.43999999999999995,0.44999999999999996,0.36,stop_loss (-5.5c),6.3674666666666715,1,-0.08999999999999997,0.04,-0.12999999999999998,False
KXBTCD-26MAY0613,KXBTCD-26MAY0613-T81599.99,no,81599.99,81489.84,110.15000000000873,2026-05-06T16:31:52.733698700+00:00,2026-05-06T16:55:02.733698700+00:00,0.262,0.6,0.61,0.51,stop_loss (-7.5c),7.08,1,-0.09999999999999998,0.04,-0.13999999999999999,False
KXBTCD-26MAY0902,KXBTCD-26MAY0902-T80499.99,yes,80499.99,80436.85,63.13999999999942,2026-05-09T05:25:15.624518200+00:00,2026-05-09T05:55:00.624518200+00:00,0.37066666666666664,0.25,0.26,0.18,stop_loss (-4.5c),6.816666666666664,1,-0.08000000000000002,0.04,-0.12000000000000002,False
KXBTCD-26MAY1109,KXBTCD-26MAY1109-T81199.99,no,81199.99,81170.55,29.44000000000233,2026-05-11T12:47:40.056841100+00:00,2026-05-11T12:55:00.056841100+00:00,0.38466666666666666,0.45999999999999996,0.47,0.63,take_profit (+18.0c),8.578133333333337,1,0.16000000000000003,0.04,0.12000000000000002,False
KXBTCD-26MAY0710,KXBTCD-26MAY0710-T81199.99,no,81199.99,80975.45,224.54000000000815,2026-05-07T13:27:20.677113600+00:00,2026-05-07T13:55:00.677113600+00:00,0.11866666666666667,0.77,0.78,0.95,take_profit (+18.5c),6.1745333333333345,1,0.16999999999999993,0.03,0.13999999999999993,False
KXBTCD-26MAY1207,KXBTCD-26MAY1207-T80699.99,yes,80699.99,80667.35,32.63999999999942,2026-05-12T10:42:55.834976100+00:00,2026-05-12T10:55:00.834976100+00:00,0.39866666666666667,0.27,0.28,0.22,stop_loss (-3.5c),7.347866666666665,1,-0.060000000000000026,0.04,-0.10000000000000003,False
KXBTCD-26MAY1206,KXBTCD-26MAY1206-T80899.99,yes,80899.99,80885.45,14.540000000008149,2026-05-12T09:47:11.330608+00:00,2026-05-12T09:55:06.330608+00:00,0.4533333333333333,0.31999999999999995,0.32999999999999996,0.26,stop_loss (-4.0c),7.240533333333335,1,-0.06999999999999995,0.04,-0.10999999999999996,False
KXBTCD-26MAY1007,KXBTCD-26MAY1007-T80799.99,no,80799.99,80797.45,2.540000000008149,2026-05-10T10:33:55.574899500+00:00,2026-05-10T10:55:00.574899500+00:00,0.504,0.37,0.38,0.54,take_profit (+18.5c),6.073199999999999,1,0.16000000000000003,0.04,0.12000000000000002,False
KXBTCD-26MAY0911,KXBTCD-26MAY0911-T80299.99,no,80299.99,80308.05,8.059999999997672,2026-05-09T14:25:05.499916+00:00,2026-05-09T14:55:00.499916+00:00,0.5326666666666666,0.32999999999999996,0.33999999999999997,0.52,take_profit (+20.0c),7.542533333333342,1,0.18000000000000005,0.04,0.14000000000000004,False
KXBTCD-26MAY0711,KXBTCD-26MAY0711-T80299.99,no,80299.99,80077.74,222.25,2026-05-07T14:38:16.313084400+00:00,2026-05-07T14:55:01.313084400+00:00,0.11666666666666667,0.76,0.77,0.65,stop_loss (-9.5c),7.226133333333332,1,-0.12,0.04,-0.16,False
KXBTCD-26MAY1113,KXBTCD-26MAY1113-T81699.99,no,81699.99,81557.65,142.34000000001106,2026-05-11T16:43:20.698891900+00:00,2026-05-11T16:55:00.698891900+00:00,0.12066666666666667,0.75,0.76,0.64,stop_loss (-9.5c),7.683333333333333,1,-0.12,0.04,-0.16,False
KXBTCD-26MAY1013,KXBTCD-26MAY1013-T81199.99,no,81199.99,81254.35,54.36000000000058,2026-05-10T16:26:50.951961400+00:00,2026-05-10T16:55:00.951961400+00:00,0.634,0.21999999999999997,0.22999999999999998,0.15000000000000002,stop_loss (-4.5c),9.795200000000001,1,-0.07999999999999996,0.03,-0.10999999999999996,False
KXBTCD-26MAY0806,KXBTCD-26MAY0806-T79899.99,no,79899.99,79966.25,66.25999999999476,2026-05-08T09:26:05.291673800+00:00,2026-05-08T09:55:00.291673800+00:00,0.6626666666666666,0.20999999999999996,0.21999999999999997,0.16999999999999993,stop_loss (-3.0c),8.088133333333342,1,-0.050000000000000044,0.03,-0.08000000000000004,False
KXBTCD-26MAY0818,KXBTCD-26MAY0818-T80099.99,no,80099.99,80166.05,66.05999999999767,2026-05-08T21:26:50.409162300+00:00,2026-05-08T21:55:00.409162300+00:00,0.6646666666666666,0.21999999999999997,0.22999999999999998,0.16999999999999993,stop_loss (-3.0c),6.72853333333334,1,-0.06000000000000005,0.03,-0.09000000000000005,False
KXBTCD-26MAY1120,KXBTCD-26MAY1120-T81799.99,yes,81799.99,81757.25,42.74000000000524,2026-05-11T23:46:55.686491600+00:00,2026-05-11T23:55:00.686491600+00:00,0.332,0.21999999999999997,0.22999999999999998,0.18,stop_loss (-3.5c),6.395200000000004,1,-0.04999999999999999,0.04,-0.09,False
KXBTCD-26MAY0905,KXBTCD-26MAY0905-T80399.99,yes,80399.99,80394.65,5.3400000000110595,2026-05-09T08:25:09.836842400+00:00,2026-05-09T08:54:59.836842400+00:00,0.49866666666666665,0.37,0.38,0.31,stop_loss (-5.0c),6.339866666666665,1,-0.07,0.04,-0.11000000000000001,False
KXBTCD-26MAY0610,KXBTCD-26MAY0610-T82199.99,no,82199.99,81953.65,246.34000000001106,2026-05-06T13:25:05.898678500+00:00,2026-05-06T13:55:00.898678500+00:00,0.15333333333333332,0.72,0.73,0.89,take_profit (+18.0c),7.0218666666666705,1,0.16000000000000003,0.03,0.13000000000000003,False
KXBTCD-26MAY0922,KXBTCD-26MAY0922-T80599.99,no,80599.99,80586.7,13.290000000008149,2026-05-10T01:30:20.247281500+00:00,2026-05-10T01:55:00.247281500+00:00,0.47933333333333333,0.36,0.37,0.30000000000000004,stop_loss (-4.5c),9.615466666666666,1,-0.06999999999999995,0.04,-0.10999999999999996,False
KXBTCD-26MAY1201,KXBTCD-26MAY1201-T81199.99,no,81199.99,81235.25,35.25999999999476,2026-05-12T04:40:55.562234+00:00,2026-05-12T04:55:00.562234+00:00,0.626,0.25,0.26,0.20999999999999996,stop_loss (-3.5c),7.1499999999999995,1,-0.050000000000000044,0.04,-0.09000000000000005,False
KXBTCD-26MAY0913,KXBTCD-26MAY0913-T80799.99,yes,80799.99,80751.45,48.54000000000815,2026-05-09T16:25:45.881392300+00:00,2026-05-09T16:55:00.881392300+00:00,0.4033333333333333,0.26,0.27,0.19,stop_loss (-4.5c),8.946133333333332,1,-0.08000000000000002,0.04,-0.12000000000000002,False
KXBTCD-26MAY0805,KXBTCD-26MAY0805-T79799.99,yes,79799.99,79722.55,77.44000000000233,2026-05-08T08:27:00.621056900+00:00,2026-05-08T08:55:00.621056900+00:00,0.3333333333333333,0.21999999999999997,0.22999999999999998,0.38,take_profit (+18.0c),6.528533333333334,1,0.15000000000000002,0.04,0.11000000000000001,False
KXBTCD-26MAY1106,KXBTCD-26MAY1106-T80899.99,no,80899.99,80881.0,18.99000000000524,2026-05-11T09:42:50.422790500+00:00,2026-05-11T09:55:00.422790500+00:00,0.45066666666666666,0.41000000000000003,0.42000000000000004,0.35,stop_loss (-5.5c),7.16013333333333,1,-0.07000000000000006,0.04,-0.11000000000000007,False
KXBTCD-26MAY0904,KXBTCD-26MAY0904-T80199.99,no,80199.99,80247.05,47.05999999999767,2026-05-09T07:25:05.547380800+00:00,2026-05-09T07:55:00.547380800+00:00,0.6166666666666667,0.26,0.27,0.19999999999999996,stop_loss (-4.0c),6.946133333333329,1,-0.07000000000000006,0.04,-0.11000000000000007,False
KXBTCD-26MAY1200,KXBTCD-26MAY1200-T81199.99,yes,81199.99,81161.95,38.04000000000815,2026-05-12T03:45:30.416954+00:00,2026-05-12T03:55:00.416954+00:00,0.364,0.25,0.26,0.21,stop_loss (-3.5c),6.149999999999998,1,-0.05000000000000002,0.04,-0.09000000000000002,False
KXBTCD-26MAY0915,KXBTCD-26MAY0915-T80799.99,no,80799.99,80833.05,33.05999999999767,2026-05-09T18:25:05.535320100+00:00,2026-05-09T18:55:00.535320100+00:00,0.5846666666666667,0.29000000000000004,0.30000000000000004,0.24,stop_loss (-4.0c),6.768133333333328,1,-0.06000000000000005,0.04,-0.10000000000000006,False
KXBTCD-26MAY0912,KXBTCD-26MAY0912-T80499.99,yes,80499.99,80448.75,51.24000000000524,2026-05-09T15:31:15.336986800+00:00,2026-05-09T15:55:00.336986800+00:00,0.38533333333333336,0.27,0.28,0.21,stop_loss (-3.5c),6.014533333333334,1,-0.07000000000000003,0.04,-0.11000000000000004,False
KXBTCD-26MAY1006,KXBTCD-26MAY1006-T80799.99,no,80799.99,80800.15,0.15999999998894054,2026-05-10T09:27:05.856527+00:00,2026-05-10T09:55:00.856527+00:00,0.514,0.33999999999999997,0.35,0.28,stop_loss (-4.5c),8.3168,1,-0.06999999999999995,0.04,-0.10999999999999996,False
KXBTCD-26MAY1020,KXBTCD-26MAY1020-T82399.99,no,82399.99,82317.54999999999,82.44000000001688,2026-05-10T23:47:20.722208500+00:00,2026-05-10T23:55:00.722208500+00:00,0.19,0.6799999999999999,0.69,0.84,take_profit (+18.0c),6.907199999999999,1,0.15000000000000002,0.03,0.12000000000000002,False
KXBTCD-26MAY0819,KXBTCD-26MAY0819-T80299.99,no,80299.99,80320.35,20.360000000000582,2026-05-08T22:47:45.742852100+00:00,2026-05-08T22:55:00.742852100+00:00,0.6013333333333334,0.28,0.29000000000000004,0.24,stop_loss (-3.5c),6.221866666666657,1,-0.050000000000000044,0.04,-0.09000000000000005,False
KXBTCD-26MAY0620,KXBTCD-26MAY0620-T81299.99,no,81299.99,81349.9,49.90999999998894,2026-05-06T23:37:05.892871600+00:00,2026-05-06T23:55:00.892871600+00:00,0.6146666666666667,0.27,0.28,0.22999999999999998,stop_loss (-3.5c),6.014533333333327,1,-0.050000000000000044,0.04,-0.09000000000000005,False
KXBTCD-26MAY0820,KXBTCD-26MAY0820-T80099.99,no,80099.99,80151.25,51.25999999999476,2026-05-08T23:32:15.747893800+00:00,2026-05-08T23:55:00.747893800+00:00,0.6413333333333333,0.24,0.25,0.19999999999999996,stop_loss (-3.0c),6.75946666666667,1,-0.050000000000000044,0.04,-0.09000000000000005,False
KXBTCD-26MAY0714,KXBTCD-26MAY0714-T79599.99,no,79599.99,79625.0,25.00999999999476,2026-05-07T17:26:06.303057200+00:00,2026-05-07T17:55:01.303057200+00:00,0.546,0.20999999999999996,0.21999999999999997,0.36,take_profit (+18.0c),19.7548,1,0.14,0.04,0.1,False
KXBTCD-26MAY1022,KXBTCD-26MAY1022-T81599.99,no,81599.99,81499.95,100.04000000000815,2026-05-11T01:41:40.864174800+00:00,2026-05-11T01:55:00.864174800+00:00,0.204,0.6699999999999999,0.6799999999999999,0.84,take_profit (+18.0c),6.409200000000002,1,0.16000000000000003,0.03,0.13000000000000003,False
KXBTCD-26MAY0903,KXBTCD-26MAY0903-T80299.99,no,80299.99,80297.85,2.139999999999418,2026-05-09T06:28:10.847595500+00:00,2026-05-09T06:55:00.847595500+00:00,0.5066666666666667,0.35,0.36,0.28,stop_loss (-4.5c),7.963333333333331,1,-0.07999999999999996,0.04,-0.11999999999999997,False
KXBTCD-26MAY1118,KXBTCD-26MAY1118-T81699.99,no,81699.99,81719.55,19.55999999999767,2026-05-11T21:43:50.844621900+00:00,2026-05-11T21:55:00.844621900+00:00,0.5813333333333334,0.28,0.29000000000000004,0.24,stop_loss (-3.5c),8.22186666666666,1,-0.050000000000000044,0.04,-0.09000000000000005,False
KXBTCD-26MAY0712,KXBTCD-26MAY0712-T79899.99,no,79899.99,79812.0,87.99000000000524,2026-05-07T15:26:50.608999600+00:00,2026-05-07T15:55:00.608999600+00:00,0.33066666666666666,0.53,0.54,0.6799999999999999,take_profit (+18.5c),6.95853333333333,1,0.1399999999999999,0.04,0.0999999999999999,False
KXBTCD-26MAY0807,KXBTCD-26MAY0807-T79799.99,no,79799.99,79869.55,69.55999999999767,2026-05-08T10:26:30.570134300+00:00,2026-05-08T10:55:00.570134300+00:00,0.6706666666666666,0.20999999999999996,0.21999999999999997,0.16000000000000003,stop_loss (-3.0c),7.288133333333341,1,-0.05999999999999994,0.03,-0.08999999999999994,False
KXBTCD-26MAY0811,KXBTCD-26MAY0811-T80099.99,yes,80099.99,80239.25,139.25999999999476,2026-05-08T14:25:25.547553500+00:00,2026-05-08T14:55:00.547553500+00:00,0.8026666666666666,0.6799999999999999,0.69,0.59,stop_loss (-8.5c),6.173866666666668,1,-0.09999999999999998,0.04,-0.13999999999999999,False
KXBTCD-26MAY1001,KXBTCD-26MAY1001-T80699.99,no,80699.99,80766.15,66.15999999998894,2026-05-10T04:25:05.673718200+00:00,2026-05-10T04:55:00.673718200+00:00,0.658,0.21999999999999997,0.22999999999999998,0.17999999999999994,stop_loss (-3.5c),7.395199999999999,1,-0.050000000000000044,0.04,-0.09000000000000005,False
KXBTCD-26MAY0908,KXBTCD-26MAY0908-T80299.99,no,80299.99,80351.65,51.65999999998894,2026-05-09T11:29:20.393129500+00:00,2026-05-09T11:55:00.393129500+00:00,0.634,0.22999999999999998,0.24,0.17999999999999994,stop_loss (-4.0c),8.641200000000001,1,-0.06000000000000005,0.04,-0.10000000000000006,False
KXBTCD-26MAY0923,KXBTCD-26MAY0923-T80699.99,no,80699.99,80714.05,14.059999999997672,2026-05-10T02:36:10.411949500+00:00,2026-05-10T02:55:00.411949500+00:00,0.5513333333333333,0.31999999999999995,0.32999999999999996,0.27,stop_loss (-4.0c),6.77386666666667,1,-0.05999999999999994,0.04,-0.09999999999999995,False
KXBTCD-26MAY1123,KXBTCD-26MAY1123-T81099.99,no,81099.99,81115.6,15.610000000000582,2026-05-12T02:42:05.978637600+00:00,2026-05-12T02:55:00.978637600+00:00,0.5653333333333334,0.31000000000000005,0.32000000000000006,0.26,stop_loss (-4.0c),6.4774666666666585,1,-0.06000000000000005,0.04,-0.10000000000000006,False
KXBTCD-26MAY0918,KXBTCD-26MAY0918-T80799.99,no,80799.99,80773.55,26.44000000000233,2026-05-09T21:29:40.631884600+00:00,2026-05-09T21:55:00.631884600+00:00,0.4533333333333333,0.38,0.39,0.54,take_profit (+18.5c),10.069866666666668,1,0.15000000000000002,0.04,0.11000000000000001,False
KXBTCD-26MAY1213,KXBTCD-26MAY1213-T79999.99,yes,79999.99,80064.45000000001,64.4600000000064,2026-05-12T16:46:11.107012800+00:00,2026-05-12T16:55:01.107012800+00:00,0.764,0.63,0.64,0.53,stop_loss (-8.0c),6.8732,1,-0.10999999999999999,0.04,-0.15,False
KXBTCD-26MAY0921,KXBTCD-26MAY0921-T80699.99,yes,80699.99,80662.25,37.74000000000524,2026-05-10T00:32:40.733191200+00:00,2026-05-10T00:55:00.733191200+00:00,0.4186666666666667,0.26,0.27,0.42,take_profit (+18.5c),10.479466666666667,1,0.14999999999999997,0.04,0.10999999999999996,False
KXBTCD-26MAY0920,KXBTCD-26MAY0920-T80699.99,yes,80699.99,80671.05,28.94000000000233,2026-05-09T23:26:20.682853200+00:00,2026-05-09T23:55:00.682853200+00:00,0.4513333333333333,0.31999999999999995,0.32999999999999996,0.27,stop_loss (-4.0c),7.040533333333336,1,-0.05999999999999994,0.04,-0.09999999999999995,False
KXBTCD-26MAY1005,KXBTCD-26MAY1005-T80799.99,no,80799.99,80843.95,43.95999999999185,2026-05-10T08:25:35.396867100+00:00,2026-05-10T08:55:00.396867100+00:00,0.6066666666666667,0.25,0.26,0.18999999999999995,stop_loss (-3.5c),9.083333333333332,1,-0.07000000000000006,0.04,-0.11000000000000007,False
KXBTCD-26MAY1114,KXBTCD-26MAY1114-T82099.99,no,82099.99,81999.95,100.04000000000815,2026-05-11T17:46:56.056140200+00:00,2026-05-11T17:55:01.056140200+00:00,0.15266666666666667,0.73,0.74,0.89,take_profit (+18.0c),6.214533333333334,1,0.15000000000000002,0.03,0.12000000000000002,False
KXBTCD-26MAY0910,KXBTCD-26MAY0910-T80399.99,yes,80399.99,80371.45,28.54000000000815,2026-05-09T13:38:45.255363300+00:00,2026-05-09T13:55:00.255363300+00:00,0.43533333333333335,0.30000000000000004,0.31000000000000005,0.25,stop_loss (-4.0c),7.653333333333331,1,-0.06000000000000005,0.04,-0.10000000000000006,False
KXBTCD-26MAY1019,KXBTCD-26MAY1019-T82099.99,no,82099.99,81954.65,145.34000000001106,2026-05-10T22:40:35.706549700+00:00,2026-05-10T22:55:00.706549700+00:00,0.13733333333333334,0.74,0.75,0.9,take_profit (+18.0c),6.879466666666667,1,0.15000000000000002,0.03,0.12000000000000002,False
KXBTCD-26MAY1010,KXBTCD-26MAY1010-T80899.99,no,80899.99,80949.95,49.95999999999185,2026-05-10T13:26:15.529578900+00:00,2026-05-10T13:55:00.529578900+00:00,0.6246666666666667,0.24,0.25,0.19999999999999996,stop_loss (-3.0c),8.42613333333333,1,-0.050000000000000044,0.04,-0.09000000000000005,False
KXBTCD-26MAY1212,KXBTCD-26MAY1212-T80199.99,yes,80199.99,80279.55,79.55999999999767,2026-05-12T15:47:45.478253600+00:00,2026-05-12T15:55:00.478253600+00:00,0.8313333333333334,0.71,0.72,0.88,take_profit (+18.0c),6.368133333333339,1,0.16000000000000003,0.03,0.13000000000000003,False
KXBTCD-26MAY0809,KXBTCD-26MAY0809-T80299.99,no,80299.99,80191.85,108.13999999999942,2026-05-08T12:32:20.515474300+00:00,2026-05-08T12:55:00.515474300+00:00,0.24266666666666667,0.6,0.61,0.5,stop_loss (-8.0c),9.013333333333335,1,-0.10999999999999999,0.04,-0.15,False
KXBTCD-26MAY1214,KXBTCD-26MAY1214-T80399.99,no,80399.99,80432.2,32.20999999999185,2026-05-12T17:44:10.946508+00:00,2026-05-12T17:55:00.946508+00:00,0.6306666666666667,0.24,0.25,0.16999999999999993,stop_loss (-4.0c),7.826133333333329,1,-0.08000000000000007,0.03,-0.11000000000000007,False
KXBTCD-26MAY1012,KXBTCD-26MAY1012-T81099.99,yes,81099.99,81080.15,19.84000000001106,2026-05-10T15:37:05.994502500+00:00,2026-05-10T15:55:00.994502500+00:00,0.4593333333333333,0.31999999999999995,0.32999999999999996,0.24,stop_loss (-5.5c),7.840533333333337,1,-0.08999999999999997,0.04,-0.12999999999999998,False
KXBTCD-26MAY1004,KXBTCD-26MAY1004-T80699.99,no,80699.99,80762.15,62.15999999998894,2026-05-10T07:25:10.543475200+00:00,2026-05-10T07:55:00.543475200+00:00,0.6513333333333333,0.20999999999999996,0.21999999999999997,0.16999999999999993,stop_loss (-3.0c),9.221466666666672,1,-0.050000000000000044,0.03,-0.08000000000000004,False
KXBTCD-26MAY1011,KXBTCD-26MAY1011-T80999.99,yes,80999.99,80913.85,86.13999999999942,2026-05-10T14:25:05.559608+00:00,2026-05-10T14:55:00.559608+00:00,0.32466666666666666,0.20999999999999996,0.21999999999999997,0.16999999999999998,stop_loss (-3.0c),6.821466666666669,1,-0.04999999999999999,0.03,-0.07999999999999999,False
KXBTCD-26MAY1205,KXBTCD-26MAY1205-T80899.99,no,80899.99,80918.85,18.860000000000582,2026-05-12T08:45:55.699311600+00:00,2026-05-12T08:55:00.699311600+00:00,0.588,0.28,0.29000000000000004,0.43999999999999995,take_profit (+18.5c),7.5552,1,0.1499999999999999,0.04,0.1099999999999999,False
KXBTCD-26MAY1211,KXBTCD-26MAY1211-T80899.99,no,80899.99,80799.35,100.63999999999942,2026-05-12T14:42:05.683123800+00:00,2026-05-12T14:55:00.683123800+00:00,0.198,0.6799999999999999,0.69,0.59,stop_loss (-8.5c),6.107199999999998,1,-0.09999999999999998,0.04,-0.13999999999999999,False
KXBTCD-26MAY1122,KXBTCD-26MAY1122-T80999.99,no,80999.99,80838.45,161.54000000000815,2026-05-12T01:43:40.886233900+00:00,2026-05-12T01:55:00.886233900+00:00,0.088,0.8,0.81,0.6799999999999999,stop_loss (-10.0c),6.7200000000000015,1,-0.13000000000000012,0.04,-0.17000000000000012,False
KXBTCD-26MAY0804,KXBTCD-26MAY0804-T79599.99,yes,79599.99,79567.75,32.24000000000524,2026-05-08T07:46:10.408157100+00:00,2026-05-08T07:55:00.408157100+00:00,0.382,0.26,0.27,0.21,stop_loss (-3.5c),6.812799999999999,1,-0.060000000000000026,0.04,-0.10000000000000003,False
