timestamp,$58400 or above,$58500 or above,$58600 or above,$58700 or above,$58800 or above,$58900 or above,$59000 or above,$59100 or above,$59200 or above,$59300 or above,$59400 or above,$59500 or above,$59600 or above,$59700 or above,$59800 or above,$59900 or above,$60000 or above,$60100 or above,$60200 or above,$60300 or above,$60400 or above,$60500 or above,$60600 or above,$60700 or above,$60800 or above,$60900 or above,$61000 or above,$61100 or above,$61200 or above,$61300 or above,$61400 or above,$61500 or above,$61600 or above,$61700 or above,$61800 or above,$61900 or above,$62000 or above,$62100 or above,$62200 or above,$62300 or above,$62400 or above,$62500 or above,$62600 or above,$62700 or above,$62800 or above,$62900 or above,$63000 or above,$63100 or above,$63200 or above,$63300 or above,$63400 or above,$63500 or above,$63600 or above,$63700 or above,$63800 or above,$63900 or above,$64000 or above,$64100 or above,$64200 or above,$64300 or above,$64400 or above,$64500 or above,$64600 or above,$64700 or above,$64800 or above,$64900 or above,$65000 or above,$65100 or above,$65200 or above,$65300 or above,$65400 or above,$65500 or above,$65600 or above,$65700 or above,$65800 or above,$65900 or above,$66000 or above,$66100 or above,$66200 or above,$66300 or above,$66400 or above,$66500 or above,$66600 or above,$66700 or above,$66800 or above,$66900 or above,$67000 or above,$67100 or above,$67200 or above,$67300 or above,$67400 or above,$67500 or above,$67600 or above,$67700 or above,$67800 or above,$67900 or above,$68000 or above,$68100 or above,$68200 or above,$68300 or above,$68400 or above,$68500 or above,$68600 or above,$68700 or above,$68800 or above,$68900 or above,$69000 or above,$69100 or above,$69200 or above,$69300 or above,$69400 or above,$69500 or above,$69600 or above,$69700 or above,$69800 or above,$69900 or above,$70000 or above,$70100 or above,$70200 or above,$70300 or above,$70400 or above,$70500 or above,$70600 or above,$70700 or above,$70800 or above,$70900 or above,$71000 or above,$71100 or above,$71200 or above,$71300 or above,$71400 or above,$71500 or above,$71600 or above,$71700 or above,$71800 or above,$71900 or above,$72000 or above,$72100 or above,$72200 or above,$72300 or above,$72400 or above,$72500 or above,$72600 or above,$72700 or above,$72800 or above,$72900 or above,$73000 or above,$73100 or above,$73200 or above,$73300 or above,$73400 or above,$73500 or above,$73600 or above,$73700 or above,$73800 or above,$73900 or above,$74000 or above,$74100 or above,$74200 or above,$74300 or above,$74400 or above,$74500 or above,$74600 or above,$74700 or above,$74800 or above,$74900 or above,$75000 or above,$75100 or above,$75200 or above,$75300 or above,$75400 or above,$75500 or above,$75600 or above,$75700 or above,$75800 or above,$75900 or above,$76000 or above,$76100 or above,$76200 or above,$76300 or above,$76400 or above,$76500 or above,$76600 or above,$76700 or above,$76800 or above,$76900 or above,$77000 or above,$77100 or above
2026-03-29T00:01:00Z,,,,,,,,,,,,,,,,,,,,,,,,,,,,,,,,,,,,,,,,,,,,,,,,,,,,,,,,,,,,,,,,,,,,,,,,,,,99.00,,96.00,90.59,76.99,58.40,31.33,14.16,7.00,2.98,1.02,,,,,,,,,,,,,,,,,,,,,,,,,,,,,,,,,,,,,,,,,,,,,,,,,,,,,,,,,,,,,,,,,,,,,,,,,,,,,,,,,,,,,,,,,,,,,,,,,,,,,,,
2026-03-29T00:02:00Z,,,,,,,,,,,,,,,,,,,,,,,,,,,,,,,,,,,,,,,,,,,,,,,,,,,,,,,,,,,,,,,,,,,,,,,,,,,99.00,99.00,97.19,92.52,83.98,68.48,43.86,24.12,9.20,3.51,1.00,,,,,,,,,,,,,,,,,,,,,,,,,,18.00,,,,,,,,,,,,,,,,,,,,,,,,,,,,,,,,,,,,,,,,,,,,,,,,,,,,,,,,,,,,,,,,,,,,,,,,,,,,,
2026-03-29T00:03:00Z,,,,,,,,,,,,,,,,,,,,,,,,,,,,,,,,,,,,,,,,,,,,,,,,,,,,,,,,,,,,,,,,,,,,,,,,,,,99.00,98.76,98.00,97.00,88.45,73.03,52.59,31.10,15.78,7.00,4.00,1.69,,,,,,,,,,,,,,,,,,,,,,,,,18.00,,,,,,,,,,,,,,,,,,,,,,,,,,,,,,,,,,,,,,,,,,,,,,,,,,,,,,,,,,,,,,,,,,,,,,,,,,,,,
2026-03-29T00:04:00Z,,,,,,,,,,,,,,,,,,,,,,,,,,,,,,,,,,,,,,,,,,,,,,,,,,,,,,,,,,,,,,,,,,,,,,,,,,,99.00,98.76,98.00,96.00,87.95,73.69,52.20,30.90,14.02,6.69,3.00,2.02,,,,,,,,,,,,,,5.00,,,,,,,,,,,3.50,,,,,,,,,,,,,,,,,,,,,,,,,,,,,,,,,,,,,,,,,,,,,,,,,,,,,,,,,,,,,,,,,,,,,,,,,,,,,
2026-03-29T00:05:00Z,,,,,,,,,,,,,,,,,,,,,,,,,,,,,,,,,,,,,,,,,,,,,,,,,,,,,,,,,,,,,,,,,,,,,,,,,,,99.00,99.00,97.53,96.38,90.16,75.72,53.85,31.54,15.63,6.00,2.86,1.00,,,,,,,,,,,,,,5.00,,,,,,,,,,,3.50,,,,,,,,,,,,,,,,,,,,,,,,,,,,,,,,,,,,,,,,,,,,,,,,,,,,,,,,,,,,,,,,,,,,,,,,,,,,,
2026-03-29T00:06:00Z,,,,,,,,,,,,,,,,,,,,,,,,,,,,,,,,,,,,,,,,,,,,,,,,,,,,,,,,,,,,,,,,,,,,,,,,,,,99.00,99.00,99.00,97.00,91.20,78.10,54.62,30.61,14.48,5.61,1.96,1.00,,,,,,,,,,,,,,5.00,,,,,,,,,,,1.00,,,,,,,,,,,,,,,,,,,,,,,,,,,,,,,,,,,,,,,,,,,,,,,,,,,,,,,,,,,,,,,,,,,,,,,,,,,,,
2026-03-29T00:07:00Z,,,,,,,,,,,,,,,,,,,,,,,,,,,,,,,,,,,,,,,,,,,,,,,,,,,,,,,,,,,,,,,,,,,,,,,,,,,99.00,99.00,99.00,95.08,91.38,72.83,52.95,26.72,12.46,5.61,2.00,1.00,,,,,,,,,,,,,,5.00,,,,,,,,63.00,,,5.00,,,,,,,,,,,,,,,,,,,,,,,,,,,,,,,,,,,,,,,,,,,,,,,,,,,,,,,,,,,,,,,,,,,,,,,,,,,,,
2026-03-29T00:08:00Z,,,,,,,,,,,,,,,,,,,,,,,,,,,,,,,,,,,,,,,,,,,,,,,,,,,,,,,,,,,,,,,,,,,,,,,,,,,99.00,99.00,98.00,97.00,89.96,72.49,45.21,25.37,11.94,5.67,2.00,1.00,,,,,,,,,,,,,,5.00,,,,,,,,63.00,,,5.00,,,,,,,,,,,,,,,,,,,,,,,,,,,,,,,,,,,,,,,,,,,,,,,,,,,,,,,,,,,,,,,,,,,,,,,,,,,,,
2026-03-29T00:09:00Z,,,,,,,,,,,,,,,,,,,,,,,,,,,,,,,,,,,,,,,,,,,,,,,,,,,,,,,,,,,,,,,,,,,,,,,,,,,99.00,99.00,98.00,97.00,89.10,72.37,45.46,22.91,9.28,5.00,1.00,1.00,,,,,,,,,,,,,,5.00,,,,,,,,63.00,,,5.00,,,,,,,,,,,,,,,,,,,,,,,,,,,,,,,,,,,,,,,,,,,,,,,,,,,,,,,,,,,,,,,,,,,,,,,,,,,,,
2026-03-29T00:10:00Z,,,,,,,,,,,,,,,,,,,,,,,,,,,,,,,,,,,,,,,,,,,,,,,,,,,,,,,,,,,,,,,,,,,,,,,,,,,99.00,99.00,99.00,97.00,87.03,68.56,43.03,18.52,7.14,2.00,1.00,1.00,,,,,,,,,,,,,,5.00,,,,,,,,63.00,,,5.00,,,,,,,,,,,,,,,,,,,,,,,,,,,,,,,,,,,,,,,,,,,,,,,,,,,,,,,,,,,,,,,,,,,,,,,,,,,,,
2026-03-29T00:11:00Z,,,,,,,,,,,,,,,,,,,,,,,,,,,,,,,,,,,,,,,,,,,,,,,,,,,,,,,,,,,,,,,,,,,,,,,,,,,99.00,99.00,98.00,95.00,86.00,61.93,36.33,17.00,8.00,2.76,1.00,1.00,,,,,,,,,,,,,,5.00,,,,,,,,63.00,,,5.00,,,,,,,,,,,,,,,,,,,,,,,,,,,,,,,,,,,,,,,,,,,,,,,,,,,,,,,,,,,,,,,,,,,,,,,,,,,,,
2026-03-29T00:12:00Z,,,,,,,,,,,,,,,,,,,,,,,,,,,,,,,,,,,,,,,,,,,,,,,,,,,,,,,,,,,,,,,,,,,,,,,,,,,99.00,99.00,98.00,96.92,89.76,71.82,45.68,23.79,13.84,4.03,1.00,1.00,,,,,,,,,,,,,,5.00,,,,,,,,63.00,,,5.00,,,,,,,,,,,,,,,,,,,,,,,,,,,,,,,,,,,,,,,,,,,,,,,,,,,,,,,,,,,,,,,,,,,,,,,,,,,,,
2026-03-29T00:13:00Z,,,,,,,,,,,,,,,,,,,,,,,,,,,,,,,,,,,,,,,,,,,,,,,,,,,,,,,,,,,,,,,,,,,,,,,,,,,99.00,99.00,98.00,96.92,90.65,74.21,51.35,29.90,13.46,5.00,2.00,1.98,,,,,,,,,,,,,,5.00,,,,,,,,63.00,,,5.00,,,,,,,,,,,,,,,,,,,,,,,,,,,,,,,,,,,,,,,,,,,,,,,,,,,,,,,,,,,,,,,,,,,,,,,,,,,,,
2026-03-29T00:14:00Z,,,,,,,,,,,,,,,,,,,,,,,,,,,,,,,,,,,,,,,,,,,,,,,,,,,,,,,,,,,,,,,,,,,,,,,,,,,99.00,99.00,98.00,96.92,87.83,71.02,43.83,21.34,10.00,4.00,2.00,1.98,,,,,,,,,,,,,,5.00,,,,,,,,63.00,,,5.00,,,,,,,,,,,,,,,,,,,,,,,,,,,,,,,,,,,,,,,,,,,,,,,,,,,,,,,,,,,,,,,,,,,,,,,,,,,,,
2026-03-29T00:15:00Z,,,,,,,,,,,,,,,,,,,,,,,,,,,,,,,,,,,,,,,,,,,,,,,,,,,,,,,,,,,,,,,,,,,,,,,,,,,99.00,98.35,98.00,95.00,86.38,66.26,41.13,18.77,9.90,2.53,1.00,1.65,,,,,,,,,,,,,,5.00,,,,,,,,63.00,,,5.00,,,,,,,,,,,,,,,,,,,,,,,,,,,,,,,,,,,,,,,,,,,,,,,,,,,,,,,,,,,,,,,,,,,,,,,,,,,,,
2026-03-29T00:16:00Z,,,,,,,,,,,,,,,,,,,,,,,,,,,,,,,,,,,,,,,,,,,,,,,,,,,,,,,,,,,,,,,,,,,,,,,,,,,99.00,99.00,98.00,95.00,86.97,69.93,42.90,20.34,6.98,2.60,1.00,1.65,,,,,,,,,,,,,,5.00,,,,,,,,63.00,,,5.00,,,,,,,,,,,,,,,,,,,,,,,,,,,,,,,,,,,,,,,,,,,,,,,,,,,,,,,,,,,,,,,,,,,,,,,,,,,,,
2026-03-29T00:17:00Z,,,,,,,,,,,,,,,,,,,,,,,,,,,,,,,,,,,,,,,,,,,,,,,,,,,,,,,,,,,,,,,,,,,,,,,,,,,99.00,99.00,98.00,97.00,88.03,70.50,42.99,19.33,7.65,4.98,1.00,1.65,,,,,,,,,,,,,,5.00,,,,,,,,63.00,,,5.00,,,,,,,,,,,,,,,,,,,,,,,,,,,,,,,,,,,,,,,,,,,,,,,,,,,,,,,,,,,,,,,,,,,,,,,,,,,,,
2026-03-29T00:18:00Z,,,,,,,,,,,,,,,,,,,,,,,,,,,,,,,,,,,,,,,,,,,,,,,,,,,,,,,,,,,,,,,,,,,,,,,,,,,99.00,99.00,98.00,97.66,90.00,71.33,46.64,19.83,8.97,3.51,1.00,1.65,,,,,,,,,,,,,,5.00,,,,,,,,63.00,,,5.00,,,,,,,,,,,,,,,,,,,,,,,,,,,,,,,,,,,,,,,,,,,,,,,,,,,,,,,,,,,,,,,,,,,,,,,,,,,,,
2026-03-29T00:19:00Z,,,,,,,,,,,,,,,,,,,,,,,,,,,,,,,,,,,,,,,,,,,,,,,,,,,,,,,,,,,,,,,,,,,,,,,,,,,99.00,99.00,98.00,97.66,91.00,77.03,49.78,22.20,8.86,3.51,1.00,1.65,,,,,,,,,,,,,,5.00,,,,,,,,63.00,,,5.00,,,,,,,,,,,,,,,,,,,,,,,,,,,,,,,,,,,,,,,,,,,,,,,,,,,,,,,,,,,,,,,,,,,,,,,,,,,,,
2026-03-29T00:20:00Z,,,,,,,,,,,,,,,,,,,,,,,,,,,,,,,,,,,,,,,,,,,,,,,,,,,,,,,,,,,,,,,,,,,,,,,,,,,99.00,99.00,98.00,97.66,91.00,82.98,54.94,26.49,10.67,3.51,1.00,1.65,,,,,,,,,,,,,,5.00,,,,,,,,63.00,,,5.00,,,,,,,,,,,,,,,,,,,,,,,,,,,,,,,,,,,,,,,,,,,,,,,,,,,,,,,,,,,,,,,,,,,,,,,,,,,,,
2026-03-29T00:21:00Z,,,,,,,,,,,,,,,,,,,,,,,,,,,,,,,,,,,,,,,,,,,,,,,,,,,,,,,,,,,,,,,,,,,,,,,,,,,99.00,99.00,98.00,97.66,93.00,79.87,52.39,22.94,8.00,3.00,1.00,1.65,,,,,,,,,,,,,,5.00,,,,,,,,63.00,,,5.00,,,,,,,,,,,,,,,,,,,,,,,,,,,,,,,,,,,,,,,,,,,,,,,,,,,,,,,,,,,,,,,,,,,,,,,,,,,,,
2026-03-29T00:22:00Z,,,,,,,,,,,,,,,,,,,,,,,,,,,,,,,,,,,,,,,,,,,,,,,,,,,,,,,,,,,,,,,,,,,,,,,,,,,99.00,98.00,96.00,90.98,81.46,55.84,37.77,10.17,6.16,2.00,1.00,1.65,,,,,,,,,,,,,,5.00,,,,,,,,63.00,,,5.00,,,,,,,,,,,,,,,,,,,,,,,,,,,,,,,,,,,,,,,,,,,,,,,,,,,,,,,,,,,,,,,,,,,,,,,,,,,,,
2026-03-29T00:23:00Z,,,,,,,,,,,,,,,,,,,,,,,,,,,,,,,,,,,,,,,,,,,,,,,,,,,,,,,,,,,,,,,,,,,,,,99.00,,,99.00,99.00,99.00,98.04,93.91,87.38,69.69,44.84,23.73,10.23,5.35,2.00,1.00,1.65,,,,,,,,,,,,,,5.00,,,,,,,,63.00,,,5.00,,,,,,,,,,,,,,,,,,,,,,,,,,,,,,,,,,,,,,,,,,,,,,,,,,,,,,,,,,,,,,,,,,,,,,,,,,,,,
2026-03-29T00:24:00Z,,,,,,,,,,,,,,,,,,,,,,,,,,,,,,,,,,,,,,,,,,,,,,,,,,,,,,,,,,,,,,,,,,,,,,99.00,,,99.00,99.00,98.50,99.00,95.70,87.23,71.22,47.60,24.70,11.09,5.33,1.77,1.00,1.65,,,,,,,,,,,,,,5.00,,,,,,,,63.00,,,5.00,,,,,,,,,,,,,,,,,,,,,,,,,,,,,,,,,,,,,,,,,,,,,,,,,,,,,,,,,,,,,,,,,,,,,,,,,,,,,
2026-03-29T00:25:00Z,,,,,,,,,,,,,,,,,,,,,,,,,,,,,,,,,,,,,,,,,,,,,,,,,,,,,,,,,,,,,,,,,,,,,,99.00,,,99.00,99.00,98.50,99.00,96.42,88.77,72.38,48.88,26.38,10.44,6.00,1.52,1.00,1.65,,,,,,,,,,,,,,5.00,,,,,,,,63.00,,,5.00,,,,,,,,,,,,,,,,,,,,,,,,,,,,,,,,,,,,,,,,,,,,,,,,,,,,,,,,,,,,,,,,,,,,,,,,,,,,,
2026-03-29T00:26:00Z,,,,,,,,,,,,,,,,,,,,,,,,,,,,,,,,,,,,,,,,,,,,,,,,,,,,,,,,,,,,,,,,,,,,,,99.00,,,99.00,99.00,98.50,99.00,96.42,89.57,77.34,46.12,27.38,9.85,2.96,1.00,1.00,1.65,,,,,,,,,,,,,,5.00,,,,,,,,63.00,,,5.00,,,,,,,,,,,,,,,,,,,,,,,,,,,,,,,,,,,,,,,,,,,,,,,,,,,,,,,,,,,,,,,,,,,,,,,,,,,,,
2026-03-29T00:27:00Z,,,,,,,,,,,,,,,,,,,,,,,,,,,,,,,,,,,,,,,,,,,,,,,,,,,,,,,,,,,,,,,,,,,,,,99.00,,,99.00,99.00,98.50,99.00,96.42,89.57,77.34,46.12,27.38,9.85,2.96,1.00,1.00,1.65,,,,,,,,,,,,,,5.00,,,,,,,,63.00,,,5.00,,,,,,,,,,,,,,,,,,,,,,,,,,,,,,,,,,,,,,,,,,,,,,,,,,,,,,,,,,,,,,,,,,,,,,,,,,,,,
2026-03-29T00:28:00Z,,,,,,,,,,,,,,,,,,,,,,,,,,,,,,,,,,,,,,,,,,,,,,,,,,,,,,,,,,,,,,,,,,,,,,99.00,,,99.00,99.00,98.50,99.00,96.42,89.57,77.34,46.12,27.38,9.85,2.96,1.00,1.00,1.65,,,,,,,,,,,,,,5.00,,,,,,,,63.00,,,5.00,,,,,,,,,,,,,,,,,,,,,,,,,,,,,,,,,,,,,,,,,,,,,,,,,,,,,,,,,,,,,,,,,,,,,,,,,,,,,
2026-03-29T00:29:00Z,,,,,,,,,,,,,,,,,,,,,,,,,,,,,,,,,,,,,,,,,,,,,,,,,,,,,,,,,,,,,,,,,,,,,,99.00,,,99.00,99.00,98.50,99.00,96.42,89.57,77.34,46.12,27.38,9.85,2.96,1.00,1.00,1.65,,,,,,,,,,,,,,5.00,,,,,,,,63.00,,,5.00,,,,,,,,,,,,,,,,,,,,,,,,,,,,,,,,,,,,,,,,,,,,,,,,,,,,,,,,,,,,,,,,,,,,,,,,,,,,,
2026-03-29T00:30:00Z,,,,,,,,,,,,,,,,,,,,,,,,,,,,,,,,,,,,,,,,,,,,,,,,,,,,,,,,,,,,,,,,,,,,,,99.00,,,99.00,99.00,98.50,99.00,96.42,89.57,77.34,46.12,27.38,9.85,2.96,1.00,1.00,1.65,,,,,,,,,,,,,,5.00,,,,,,,,63.00,,,5.00,,,,,,,,,,,,,,,,,,,,,,,,,,,,,,,,,,,,,,,,,,,,,,,,,,,,,,,,,,,,,,,,,,,,,,,,,,,,,
2026-03-29T00:31:00Z,,,,,,,,,,,,,,,,,,,,,,,,,,,,,,,,,,,,,,,,,,,,,,,,,,,,,,,,,,,,,,,,,,,,,,99.00,,,99.00,99.00,98.50,99.00,96.42,89.57,77.34,46.12,27.38,9.85,2.96,1.00,1.00,1.65,,,,,,,,,,,,,,5.00,,,,,,,,63.00,,,5.00,,,,,,,,,,,,,,,,,,,,,,,,,,,,,,,,,,,,,,,,,,,,,,,,,,,,,,,,,,,,,,,,,,,,,,,,,,,,,
2026-03-29T00:32:00Z,,,,,,,,,,,,,,,,,,,,,,,,,,,,,,,,,,,,,,,,,,,,,,,,,,,,,,,,,,,,,,,,,,,,,,99.00,,,99.00,99.00,98.50,99.00,96.42,89.57,77.34,46.12,27.38,9.85,2.96,1.00,1.00,1.65,,,,,,,,,,,,,,5.00,,,,,,,,63.00,,,5.00,,,,,,,,,,,,,,,,,,,,,,,,,,,,,,,,,,,,,,,,,,,,,,,,,,,,,,,,,,,,,,,,,,,,,,,,,,,,,
2026-03-29T00:33:00Z,,,,,,,,,,,,,,,,,,,,,,,,,,,,,,,,,,,,,,,,,,,,,,,,,,,,,,,,,,,,,,,,,,,,,,99.00,,,99.00,99.00,98.50,99.00,96.42,89.57,77.34,46.12,27.38,9.85,2.96,1.00,1.00,1.65,,,,,,,,,,,,,,5.00,,,,,,,,63.00,,,5.00,,,,,,,,,,,,,,,,,,,,,,,,,,,,,,,,,,,,,,,,,,,,,,,,,,,,,,,,,,,,,,,,,,,,,,,,,,,,,
2026-03-29T00:34:00Z,,,,,,,,,,,,,,,,,,,,,,,,,,,,,,,,,,,,,,,,,,,,,,,,,,,,,,,,,,,,,,,,,,,,,,99.00,,,99.00,99.00,98.50,99.00,96.42,89.57,77.34,46.12,27.38,9.85,2.96,1.00,1.00,1.65,,,,,,,,,,,,,,5.00,,,,,,,,63.00,,,5.00,,,,,,,,,,,,,,,,,,,,,,,,,,,,,,,,,,,,,,,,,,,,,,,,,,,,,,,,,,,,,,,,,,,,,,,,,,,,,
2026-03-29T00:35:00Z,,,,,,,,,,,,,,,,,,,,,,,,,,,,,,,,,,,,,,,,,,,,,,,,,,,,,,,,,,,,,,,,,,,,,,99.00,,,99.00,99.00,98.50,99.00,96.42,89.57,77.34,46.12,27.38,9.85,2.96,1.00,1.00,1.65,,,,,,,,,,,,,,5.00,,,,,,,,63.00,,,5.00,,,,,,,,,,,,,,,,,,,,,,,,,,,,,,,,,,,,,,,,,,,,,,,,,,,,,,,,,,,,,,,,,,,,,,,,,,,,,
2026-03-29T00:36:00Z,,,,,,,,,,,,,,,,,,,,,,,,,,,,,,,,,,,,,,,,,,,,,,,,,,,,,,,,,,,,,,,,,,,,,,99.00,,,99.00,99.00,98.50,99.00,96.42,89.57,77.34,46.12,27.38,9.85,2.96,1.00,1.00,1.65,,,,,,,,,,,,,,5.00,,,,,,,,63.00,,,5.00,,,,,,,,,,,,,,,,,,,,,,,,,,,,,,,,,,,,,,,,,,,,,,,,,,,,,,,,,,,,,,,,,,,,,,,,,,,,,
2026-03-29T00:37:00Z,,,,,,,,,,,,,,,,,,,,,,,,,,,,,,,,,,,,,,,,,,,,,,,,,,,,,,,,,,,,,,,,,,,,,,99.00,,,99.00,99.00,98.50,99.00,96.42,89.57,77.34,46.12,27.38,9.85,2.96,1.00,1.00,1.65,,,,,,,,,,,,,,5.00,,,,,,,,63.00,,,5.00,,,,,,,,,,,,,,,,,,,,,,,,,,,,,,,,,,,,,,,,,,,,,,,,,,,,,,,,,,,,,,,,,,,,,,,,,,,,,
2026-03-29T00:38:00Z,,,,,,,,,,,,,,,,,,,,,,,,,,,,,,,,,,,,,,,,,,,,,,,,,,,,,,,,,,,,,,,,,,,,,,99.00,,,99.00,99.00,98.50,99.00,96.42,89.57,77.34,46.12,27.38,9.85,2.96,1.00,1.00,1.65,,,,,,,,,,,,,,5.00,,,,,,,,63.00,,,5.00,,,,,,,,,,,,,,,,,,,,,,,,,,,,,,,,,,,,,,,,,,,,,,,,,,,,,,,,,,,,,,,,,,,,,,,,,,,,,
2026-03-29T00:39:00Z,,,,,,,,,,,,,,,,,,,,,,,,,,,,,,,,,,,,,,,,,,,,,,,,,,,,,,,,,,,,,,,,,,,,,,99.00,,,99.00,99.00,98.50,99.00,96.42,89.57,77.34,46.12,27.38,9.85,2.96,1.00,1.00,1.65,,,,,,,,,,,,,,5.00,,,,,,,,63.00,,,5.00,,,,,,,,,,,,,,,,,,,,,,,,,,,,,,,,,,,,,,,,,,,,,,,,,,,,,,,,,,,,,,,,,,,,,,,,,,,,,
2026-03-29T00:40:00Z,,,,,,,,,,,,,,,,,,,,,,,,,,,,,,,,,,,,,,,,,,,,,,,,,,,,,,,,,,,,,,,,,,,,,,99.00,,,99.00,99.00,98.50,99.00,96.42,89.57,77.34,46.12,27.38,9.85,2.96,1.00,1.00,1.65,,,,,,,,,,,,,,5.00,,,,,,,,63.00,,,5.00,,,,,,,,,,,,,,,,,,,,,,,,,,,,,,,,,,,,,,,,,,,,,,,,,,,,,,,,,,,,,,,,,,,,,,,,,,,,,
2026-03-29T00:41:00Z,,,,,,,,,,,,,,,,,,,,,,,,,,,,,,,,,,,,,,,,,,,,,,,,,,,,,,,,,,,,,,,,,,,,,,99.00,,,99.00,99.00,98.50,99.00,96.42,89.57,77.34,46.12,27.38,9.85,2.96,1.00,1.00,1.65,,,,,,,,,,,,,,5.00,,,,,,,,63.00,,,5.00,,,,,,,,,,,,,,,,,,,,,,,,,,,,,,,,,,,,,,,,,,,,,,,,,,,,,,,,,,,,,,,,,,,,,,,,,,,,,
2026-03-29T00:42:00Z,,,,,,,,,,,,,,,,,,,,,,,,,,,,,,,,,,,,,,,,,,,,,,,,,,,,,,,,,,,,,,,,,,,,,,99.00,,,99.00,99.00,98.50,99.00,96.42,89.57,77.34,46.12,27.38,9.85,2.96,1.00,1.00,1.65,,,,,,,,,,,,,,5.00,,,,,,,,63.00,,,5.00,,,,,,,,,,,,,,,,,,,,,,,,,,,,,,,,,,,,,,,,,,,,,,,,,,,,,,,,,,,,,,,,,,,,,,,,,,,,,
2026-03-29T00:43:00Z,,,,,,,,,,,,,,,,,,,,,,,,,,,,,,,,,,,,,,,,,,,,,,,,,,,,,,,,,,,,,,,,,,,,,,99.00,,,99.00,99.00,98.50,99.00,96.42,89.57,77.34,46.12,27.38,9.85,2.96,1.00,1.00,1.65,,,,,,,,,,,,,,5.00,,,,,,,,63.00,,,5.00,,,,,,,,,,,,,,,,,,,,,,,,,,,,,,,,,,,,,,,,,,,,,,,,,,,,,,,,,,,,,,,,,,,,,,,,,,,,,
2026-03-29T00:44:00Z,,,,,,,,,,,,,,,,,,,,,,,,,,,,,,,,,,,,,,,,,,,,,,,,,,,,,,,,,,,,,,,,,,,,,,99.00,,,99.00,99.00,98.50,99.00,96.42,89.57,77.34,46.12,27.38,9.85,2.96,1.00,1.00,1.65,,,,,,,,,,,,,,5.00,,,,,,,,63.00,,,5.00,,,,,,,,,,,,,,,,,,,,,,,,,,,,,,,,,,,,,,,,,,,,,,,,,,,,,,,,,,,,,,,,,,,,,,,,,,,,,
2026-03-29T00:45:00Z,,,,,,,,,,,,,,,,,,,,,,,,,,,,,,,,,,,,,,,,,,,,,,,,,,,,,,,,,,,,,,,,,,,,,,99.00,,,99.00,99.00,98.50,99.00,96.42,89.57,77.34,46.12,27.38,9.85,2.96,1.00,1.00,1.65,,,,,,,,,,,,,,5.00,,,,,,,,63.00,,,5.00,,,,,,,,,,,,,,,,,,,,,,,,,,,,,,,,,,,,,,,,,,,,,,,,,,,,,,,,,,,,,,,,,,,,,,,,,,,,,
2026-03-29T00:46:00Z,,,,,,,,,,,,,,,,,,,,,,,,,,,,,,,,,,,,,,,,,,,,,,,,,,,,,,,,,,,,,,,,,,,,,,99.00,,,99.00,99.00,98.50,99.00,96.42,89.57,77.34,46.12,27.38,9.85,2.96,1.00,1.00,1.65,,,,,,,,,,,,,,5.00,,,,,,,,63.00,,,5.00,,,,,,,,,,,,,,,,,,,,,,,,,,,,,,,,,,,,,,,,,,,,,,,,,,,,,,,,,,,,,,,,,,,,,,,,,,,,,
2026-03-29T00:47:00Z,,,,,,,,,,,,,,,,,,,,,,,,,,,,,,,,,,,,,,,,,,,,,,,,,,,,,,,,,,,,,,,,,,,,,,99.00,,,99.00,99.00,98.50,99.00,96.42,89.57,77.34,46.12,27.38,9.85,2.96,1.00,1.00,1.65,,,,,,,,,,,,,,5.00,,,,,,,,63.00,,,5.00,,,,,,,,,,,,,,,,,,,,,,,,,,,,,,,,,,,,,,,,,,,,,,,,,,,,,,,,,,,,,,,,,,,,,,,,,,,,,
2026-03-29T00:48:00Z,,,,,,,,,,,,,,,,,,,,,,,,,,,,,,,,,,,,,,,,,,,,,,,,,,,,,,,,,,,,,,,,,,,,,,99.00,,,99.00,99.00,98.50,99.00,96.42,89.57,77.34,46.12,27.38,9.85,2.96,1.00,1.00,1.65,,,,,,,,,,,,,,5.00,,,,,,,,63.00,,,5.00,,,,,,,,,,,,,,,,,,,,,,,,,,,,,,,,,,,,,,,,,,,,,,,,,,,,,,,,,,,,,,,,,,,,,,,,,,,,,
2026-03-29T00:49:00Z,,,,,,,,,,,,,,,,,,,,,,,,,,,,,,,,,,,,,,,,,,,,,,,,,,,,,,,,,,,,,,,,,,,,,,99.00,,,99.00,99.00,98.50,99.00,96.42,89.57,77.34,46.12,27.38,9.85,2.96,1.00,1.00,1.65,,,,,,,,,,,,,,5.00,,,,,,,,63.00,,,5.00,,,,,,,,,,,,,,,,,,,,,,,,,,,,,,,,,,,,,,,,,,,,,,,,,,,,,,,,,,,,,,,,,,,,,,,,,,,,,
2026-03-29T00:50:00Z,,,,,,,,,,,,,,,,,,,,,,,,,,,,,,,,,,,,,,,,,,,,,,,,,,,,,,,,,,,,,,,,,,,,,,99.00,,,99.00,99.00,98.50,99.00,96.42,89.57,77.34,46.12,27.38,9.85,2.96,1.00,1.00,1.65,,,,,,,,,,,,,,5.00,,,,,,,,63.00,,,5.00,,,,,,,,,,,,,,,,,,,,,,,,,,,,,,,,,,,,,,,,,,,,,,,,,,,,,,,,,,,,,,,,,,,,,,,,,,,,,
2026-03-29T00:51:00Z,,,,,,,,,,,,,,,,,,,,,,,,,,,,,,,,,,,,,,,,,,,,,,,,,,,,,,,,,,,,,,,,,,,,,,99.00,,,99.00,99.00,98.50,99.00,96.42,89.57,77.34,46.12,27.38,9.85,2.96,1.00,1.00,1.65,,,,,,,,,,,,,,5.00,,,,,,,,63.00,,,5.00,,,,,,,,,,,,,,,,,,,,,,,,,,,,,,,,,,,,,,,,,,,,,,,,,,,,,,,,,,,,,,,,,,,,,,,,,,,,,
2026-03-29T00:52:00Z,,,,,,,,,,,,,,,,,,,,,,,,,,,,,,,,,,,,,,,,,,,,,,,,,,,,,,,,,,,,,,,,,,,,,,99.00,,,99.00,99.00,98.50,99.00,96.42,89.57,77.34,46.12,27.38,9.85,2.96,1.00,1.00,1.65,,,,,,,,,,,,,,5.00,,,,,,,,63.00,,,5.00,,,,,,,,,,,,,,,,,,,,,,,,,,,,,,,,,,,,,,,,,,,,,,,,,,,,,,,,,,,,,,,,,,,,,,,,,,,,,
2026-03-29T00:53:00Z,,,,,,,,,,,,,,,,,,,,,,,,,,,,,,,,,,,,,,,,,,,,,,,,,,,,,,,,,,,,,,,,,,,,,,99.00,,,99.00,99.00,98.50,99.00,96.42,89.57,77.34,46.12,27.38,9.85,2.96,1.00,1.00,1.65,,,,,,,,,,,,,,5.00,,,,,,,,63.00,,,5.00,,,,,,,,,,,,,,,,,,,,,,,,,,,,,,,,,,,,,,,,,,,,,,,,,,,,,,,,,,,,,,,,,,,,,,,,,,,,,
2026-03-29T00:54:00Z,,,,,,,,,,,,,,,,,,,,,,,,,,,,,,,,,,,,,,,,,,,,,,,,,,,,,,,,,,,,,,,,,,,,,,99.00,,,99.00,99.00,98.50,99.00,96.42,89.57,77.34,46.12,27.38,9.85,2.96,1.00,1.00,1.65,,,,,,,,,,,,,,5.00,,,,,,,,63.00,,,5.00,,,,,,,,,,,,,,,,,,,,,,,,,,,,,,,,,,,,,,,,,,,,,,,,,,,,,,,,,,,,,,,,,,,,,,,,,,,,,
2026-03-29T00:55:00Z,,,,,,,,,,,,,,,,,,,,,,,,,,,,,,,,,,,,,,,,,,,,,,,,,,,,,,,,,,,,,,,,,,,,,,99.00,,,99.00,99.00,98.50,99.00,96.42,89.57,77.34,46.12,27.38,9.85,2.96,1.00,1.00,1.65,,,,,,,,,,,,,,5.00,,,,,,,,63.00,,,5.00,,,,,,,,,,,,,,,,,,,,,,,,,,,,,,,,,,,,,,,,,,,,,,,,,,,,,,,,,,,,,,,,,,,,,,,,,,,,,
2026-03-29T00:56:00Z,,,,,,,,,,,,,,,,,,,,,,,,,,,,,,,,,,,,,,,,,,,,,,,,,,,,,,,,,,,,,,,,,,,,,,99.00,,,99.00,99.00,98.50,99.00,96.42,89.57,77.34,46.12,27.38,9.85,2.96,1.00,1.00,1.65,,,,,,,,,,,,,,5.00,,,,,,,,63.00,,,5.00,,,,,,,,,,,,,,,,,,,,,,,,,,,,,,,,,,,,,,,,,,,,,,,,,,,,,,,,,,,,,,,,,,,,,,,,,,,,,
2026-03-29T00:57:00Z,,,,,,,,,,,,,,,,,,,,,,,,,,,,,,,,,,,,,,,,,,,,,,,,,,,,,,,,,,,,,,,,,,,,,,99.00,,,99.00,99.00,98.50,99.00,96.42,89.57,77.34,46.12,27.38,9.85,2.96,1.00,1.00,1.65,,,,,,,,,,,,,,5.00,,,,,,,,63.00,,,5.00,,,,,,,,,,,,,,,,,,,,,,,,,,,,,,,,,,,,,,,,,,,,,,,,,,,,,,,,,,,,,,,,,,,,,,,,,,,,,
2026-03-29T00:58:00Z,,,,,,,,,,,,,,,,,,,,,,,,,,,,,,,,,,,,,,,,,,,,,,,,,,,,,,,,,,,,,,,,,,,,,,99.00,,,99.00,99.00,98.50,99.00,96.42,89.57,77.34,46.12,27.38,9.85,2.96,1.00,1.00,1.65,,,,,,,,,,,,,,5.00,,,,,,,,63.00,,,5.00,,,,,,,,,,,,,,,,,,,,,,,,,,,,,,,,,,,,,,,,,,,,,,,,,,,,,,,,,,,,,,,,,,,,,,,,,,,,,
2026-03-29T00:59:00Z,,,,,,,,,,,,,,,,,,,,,,,,,,,,,,,,,,,,,,,,,,,,,,,,,,,,,,,,,,,,,,,,,,,,,,99.00,,,99.00,99.00,98.50,99.00,96.42,89.57,77.34,46.12,27.38,9.85,2.96,1.00,1.00,1.65,,,,,,,,,,,,,,5.00,,,,,,,,63.00,,,5.00,,,,,,,,,,,,,,,,,,,,,,,,,,,,,,,,,,,,,,,,,,,,,,,,,,,,,,,,,,,,,,,,,,,,,,,,,,,,,
2026-03-29T01:00:00Z,,,,,,,,,,,,,,,,,,,,,,,,,,,,,,,,,,,,,,,,,,,,,,,,,,,,,,,,,,,,,,,,,,,,,,99.00,,,99.00,99.00,98.50,99.00,96.42,89.57,77.34,46.12,27.38,9.85,2.96,1.00,1.00,1.65,,,,,,,,,,,,,,5.00,,,,,,,,63.00,,,5.00,,,,,,,,,,,,,,,,,,,,,,,,,,,,,,,,,,,,,,,,,,,,,,,,,,,,,,,,,,,,,,,,,,,,,,,,,,,,,
